Workbook

Sheet Obliczenia
A1: =Dane!A1 -> i | B1: =Dane!B1 -> x | C1: =Dane!C1 -> y | D1: xy | E1: x2 | F1: Y | H1: ∑x = | I1: =SUM(B2:B20) -> 190 | K1: a1 = | L1: =(I6*I3-(I1)*(I2))/(I6*(I4)-(I1)) -> 0.0081300813 | N1: 920
A2: =Dane!A2 -> 0 | B2: =Dane!B2 -> 1 | C2: =Dane!C2 -> 4 | D2: =B2*C2 -> 4 | E2: =B2^2 -> 1 | F2: =$H$8*B2+$I$8 -> 4.4210526 | H2: ∑y = | I2: =SUM(C2:C20) -> 90 | K2: a0 = | L2: =((I4)*(I2)-(I3)*(I1))/(I6*(I4)-(I5)) -> 4.3859649
A3: =Dane!A3 -> 1 | B3: =Dane!B3 -> 2 | C3: =Dane!C3 -> 2 | D3: =B3*C3 -> 4 | E3: =B3^2 -> 4 | F3: =$H$8*B3+$I$8 -> 4.4561404 | H3: ∑xy = | I3: =SUM(D2:D20) -> 920
A4: =Dane!A4 -> 2 | B4: =Dane!B4 -> 3 | C4: =Dane!C4 -> 6 | D4: =B4*C4 -> 18 | E4: =B4^2 -> 9 | F4: =$H$8*B4+$I$8 -> 4.4912281 | H4: ∑x2 = | I4: =SUM(E2:E20) -> 2470
A5: =Dane!A5 -> 3 | B5: =Dane!B5 -> 4 | C5: =Dane!C5 -> 2 | D5: =B5*C5 -> 8 | E5: =B5^2 -> 16 | F5: =$H$8*B5+$I$8 -> 4.5263158 | H5: (∑x)2 = | I5: =I1^2 -> 36100
A6: =Dane!A6 -> 4 | B6: =Dane!B6 -> 5 | C6: =Dane!C6 -> 9 | D6: =B6*C6 -> 45 | E6: =B6^2 -> 25 | F6: =$H$8*B6+$I$8 -> 4.5614035 | H6: n = | I6: =COUNTA(A2:A20) -> 19
A7: =Dane!A7 -> 5 | B7: =Dane!B7 -> 6 | C7: =Dane!C7 -> 5 | D7: =B7*C7 -> 30 | E7: =B7^2 -> 36 | F7: =$H$8*B7+$I$8 -> 4.5964912 | H7: a | I7: b
A8: =Dane!A8 -> 6 | B8: =Dane!B8 -> 7 | C8: =Dane!C8 -> 4 | D8: =B8*C8 -> 28 | E8: =B8^2 -> 49 | F8: =$H$8*B8+$I$8 -> 4.6315789 | H8: {=LINEST(C2:C20,B2:B20)} -> 0.035087719 | I8: 4.3859649
A9: =Dane!A9 -> 7 | B9: =Dane!B9 -> 8 | C9: =Dane!C9 -> 1 | D9: =B9*C9 -> 8 | E9: =B9^2 -> 64 | F9: =$H$8*B9+$I$8 -> 4.6666667
A10: =Dane!A10 -> 8 | B10: =Dane!B10 -> 9 | C10: =Dane!C10 -> 9 | D10: =B10*C10 -> 81 | E10: =B10^2 -> 81 | F10: =$H$8*B10+$I$8 -> 4.7017544
A11: =Dane!A11 -> 9 | B11: =Dane!B11 -> 10 | C11: =Dane!C11 -> 2 | D11: =B11*C11 -> 20 | E11: =B11^2 -> 100 | F11: =$H$8*B11+$I$8 -> 4.7368421
A12: =Dane!A12 -> 10 | B12: =Dane!B12 -> 11 | C12: =Dane!C12 -> 8 | D12: =B12*C12 -> 88 | E12: =B12^2 -> 121 | F12: =$H$8*B12+$I$8 -> 4.7719298
A13: =Dane!A13 -> 11 | B13: =Dane!B13 -> 12 | C13: =Dane!C13 -> 3 | D13: =B13*C13 -> 36 | E13: =B13^2 -> 144 | F13: =$H$8*B13+$I$8 -> 4.8070175
A14: =Dane!A14 -> 12 | B14: =Dane!B14 -> 13 | C14: =Dane!C14 -> 7 | D14: =B14*C14 -> 91 | E14: =B14^2 -> 169 | F14: =$H$8*B14+$I$8 -> 4.8421053
A15: =Dane!A15 -> 13 | B15: =Dane!B15 -> 14 | C15: =Dane!C15 -> 4 | D15: =B15*C15 -> 56 | E15: =B15^2 -> 196 | F15: =$H$8*B15+$I$8 -> 4.877193
A16: =Dane!A16 -> 14 | B16: =Dane!B16 -> 15 | C16: =Dane!C16 -> 6 | D16: =B16*C16 -> 90 | E16: =B16^2 -> 225 | F16: =$H$8*B16+$I$8 -> 4.9122807
A17: =Dane!A17 -> 15 | B17: =Dane!B17 -> 16 | C17: =Dane!C17 -> 5 | D17: =B17*C17 -> 80 | E17: =B17^2 -> 256 | F17: =$H$8*B17+$I$8 -> 4.9473684
A18: =Dane!A18 -> 16 | B18: =Dane!B18 -> 17 | C18: =Dane!C18 -> 4 | D18: =B18*C18 -> 68 | E18: =B18^2 -> 289 | F18: =$H$8*B18+$I$8 -> 4.9824561
A19: =Dane!A19 -> 17 | B19: =Dane!B19 -> 18 | C19: =Dane!C19 -> 6 | D19: =B19*C19 -> 108 | E19: =B19^2 -> 324 | F19: =$H$8*B19+$I$8 -> 5.0175439
A20: =Dane!A20 -> 18 | B20: =Dane!B20 -> 19 | C20: 3 | D20: =B20*C20 -> 57 | E20: =B20^2 -> 361 | F20: =$H$8*B20+$I$8 -> 5.0526316

Sheet Dane
A1: i | B1: x | C1: y
A2: 0 | B2: 1 | C2: 4
A3: 1 | B3: 2 | C3: 2
A4: 2 | B4: 3 | C4: 6
A5: 3 | B5: 4 | C5: 2
A6: 4 | B6: 5 | C6: 9
A7: 5 | B7: 6 | C7: 5
A8: 6 | B8: 7 | C8: 4
A9: 7 | B9: 8 | C9: 1
A10: 8 | B10: 9 | C10: 9
A11: 9 | B11: 10 | C11: 2
A12: 10 | B12: 11 | C12: 8
A13: 11 | B13: 12 | C13: 3
... A20: 18 | B20: 19 | C20: 3
